Conv,Dense,Height,Width,Mult,Weights,Connections,BRAM,LUT,FF,URAM,DSP,EstimatedClock,TargetClock,BestLatency,WorstLatency,Valid
0000,000,64,64,0.1,1853,46800,0,0,0,0,0,0.0,0.0,0,0,False
0000,000,64,64,0.1,1853,46800,0,0,0,0,0,0.0,0.0,0,0,False
0000,000,64,64,0.1,1853,46800,0,0,0,0,0,0.0,0.0,0,0,False
0000,000,64,64,0.1,1853,46800,0,0,0,0,0,0.0,0.0,0,0,False
0000,001,64,64,0.1,1855,46801,0,0,0,0,0,0.0,0.0,0,0,False
0000,001,64,64,0.1,1855,46801,0,0,0,0,0,0.0,0.0,0,0,False
0000,001,64,64,0.1,1855,46801,0,0,0,0,0,0.0,0.0,0,0,False
0000,001,64,64,0.1,1855,46801,0,0,0,0,0,0.0,0.0,0,0,False
0000,010,64,64,0.1,9063,54005,0,0,0,0,0,0.0,0.0,0,0,False
0000,010,64,64,0.1,9063,54005,0,0,0,0,0,0.0,0.0,0,0,False
0000,010,64,64,0.1,9063,54005,0,0,0,0,0,0.0,0.0,0,0,False
0000,010,64,64,0.1,9063,54005,0,0,0,0,0,0.0,0.0,0,0,False
0000,011,64,64,0.1,9065,54006,0,0,0,0,0,0.0,0.0,0,0,False
0000,011,64,64,0.1,9065,54006,0,0,0,0,0,0.0,0.0,0,0,False
0000,011,64,64,0.1,9065,54006,0,0,0,0,0,0.0,0.0,0,0,False
0000,011,64,64,0.1,9065,54006,0,0,0,0,0,0.0,0.0,0,0,False
0000,100,64,64,0.1,18073,63010,0,0,0,0,0,0.0,0.0,0,0,False
0000,100,64,64,0.1,18073,63010,0,0,0,0,0,0.0,0.0,0,0,False
0000,100,64,64,0.1,18073,63010,0,0,0,0,0,0.0,0.0,0,0,False
0000,100,64,64,0.1,18073,63010,0,0,0,0,0,0.0,0.0,0,0,False
0000,101,64,64,0.1,18075,63011,0,0,0,0,0,0.0,0.0,0,0,False
0000,101,64,64,0.1,18075,63011,0,0,0,0,0,0.0,0.0,0,0,False
0000,101,64,64,0.1,18075,63011,0,0,0,0,0,0.0,0.0,0,0,False
0000,101,64,64,0.1,18075,63011,0,0,0,0,0,0.0,0.0,0,0,False
0000,110,64,64,0.1,18123,63055,0,0,0,0,0,0.0,0.0,0,0,False
0000,110,64,64,0.1,18123,63055,0,0,0,0,0,0.0,0.0,0,0,False
0000,110,64,64,0.1,18123,63055,0,0,0,0,0,0.0,0.0,0,0,False
0000,110,64,64,0.1,18123,63055,0,0,0,0,0,0.0,0.0,0,0,False
0000,111,64,64,0.1,18125,63056,0,0,0,0,0,0.0,0.0,0,0,False
0000,111,64,64,0.1,18125,63056,0,0,0,0,0,0.0,0.0,0,0,False
0000,111,64,64,0.1,18125,63056,0,0,0,0,0,0.0,0.0,0,0,False
0000,111,64,64,0.1,18125,63056,0,0,0,0,0,0.0,0.0,0,0,False
0001,000,64,64,0.1,4871,134376,0,0,0,0,0,0.0,0.0,0,0,False
0001,000,64,64,0.1,4871,134376,0,0,0,0,0,0.0,0.0,0,0,False
0001,000,64,64,0.1,4871,134376,0,0,0,0,0,0.0,0.0,0,0,False
0001,000,64,64,0.1,4871,134376,0,0,0,0,0,0.0,0.0,0,0,False
0001,001,64,64,0.1,4873,134377,0,0,0,0,0,0.0,0.0,0,0,False
0001,001,64,64,0.1,4873,134377,0,0,0,0,0,0.0,0.0,0,0,False
0001,001,64,64,0.1,4873,134377,0,0,0,0,0,0.0,0.0,0,0,False
0001,001,64,64,0.1,4873,134377,0,0,0,0,0,0.0,0.0,0,0,False
0001,010,64,64,0.1,23697,153197,0,0,0,0,0,0.0,0.0,0,0,False
0001,010,64,64,0.1,23697,153197,0,0,0,0,0,0.0,0.0,0,0,False
0001,010,64,64,0.1,23697,153197,0,0,0,0,0,0.0,0.0,0,0,False
0001,010,64,64,0.1,23697,153197,0,0,0,0,0,0.0,0.0,0,0,False
0001,011,64,64,0.1,23699,153198,0,0,0,0,0,0.0,0.0,0,0,False
0001,011,64,64,0.1,23699,153198,0,0,0,0,0,0.0,0.0,0,0,False
0001,011,64,64,0.1,23699,153198,0,0,0,0,0,0.0,0.0,0,0,False
0001,011,64,64,0.1,23699,153198,0,0,0,0,0,0.0,0.0,0,0,False
0001,100,64,64,0.1,47227,176722,0,0,0,0,0,0.0,0.0,0,0,False
0001,100,64,64,0.1,47227,176722,0,0,0,0,0,0.0,0.0,0,0,False
0001,100,64,64,0.1,47227,176722,0,0,0,0,0,0.0,0.0,0,0,False
0001,100,64,64,0.1,47227,176722,0,0,0,0,0,0.0,0.0,0,0,False
0001,101,64,64,0.1,47229,176723,0,0,0,0,0,0.0,0.0,0,0,False
0001,101,64,64,0.1,47229,176723,0,0,0,0,0,0.0,0.0,0,0,False
0001,101,64,64,0.1,47229,176723,0,0,0,0,0,0.0,0.0,0,0,False
0001,101,64,64,0.1,47229,176723,0,0,0,0,0,0.0,0.0,0,0,False
0001,110,64,64,0.1,47277,176767,0,0,0,0,0,0.0,0.0,0,0,False
0001,110,64,64,0.1,47277,176767,0,0,0,0,0,0.0,0.0,0,0,False
0001,110,64,64,0.1,47277,176767,0,0,0,0,0,0.0,0.0,0,0,False
0001,110,64,64,0.1,47277,176767,0,0,0,0,0,0.0,0.0,0,0,False
0001,111,64,64,0.1,47279,176768,0,0,0,0,0,0.0,0.0,0,0,False
0001,111,64,64,0.1,47279,176768,0,0,0,0,0,0.0,0.0,0,0,False
0001,111,64,64,0.1,47279,176768,0,0,0,0,0,0.0,0.0,0,0,False
0001,111,64,64,0.1,47279,176768,0,0,0,0,0,0.0,0.0,0,0,False
0010,000,64,64,0.1,4871,134376,0,0,0,0,0,0.0,0.0,0,0,False
0010,000,64,64,0.1,4871,134376,0,0,0,0,0,0.0,0.0,0,0,False
0010,000,64,64,0.1,4871,134376,0,0,0,0,0,0.0,0.0,0,0,False
0010,000,64,64,0.1,4871,134376,0,0,0,0,0,0.0,0.0,0,0,False
0010,001,64,64,0.1,4873,134377,0,0,0,0,0,0.0,0.0,0,0,False
0010,001,64,64,0.1,4873,134377,0,0,0,0,0,0.0,0.0,0,0,False
0010,001,64,64,0.1,4873,134377,0,0,0,0,0,0.0,0.0,0,0,False
0010,001,64,64,0.1,4873,134377,0,0,0,0,0,0.0,0.0,0,0,False
0010,010,64,64,0.1,23697,153197,0,0,0,0,0,0.0,0.0,0,0,False
0010,010,64,64,0.1,23697,153197,0,0,0,0,0,0.0,0.0,0,0,False
0010,010,64,64,0.1,23697,153197,0,0,0,0,0,0.0,0.0,0,0,False
0010,010,64,64,0.1,23697,153197,0,0,0,0,0,0.0,0.0,0,0,False
0010,011,64,64,0.1,23699,153198,0,0,0,0,0,0.0,0.0,0,0,False
0010,011,64,64,0.1,23699,153198,0,0,0,0,0,0.0,0.0,0,0,False
0010,011,64,64,0.1,23699,153198,0,0,0,0,0,0.0,0.0,0,0,False
0010,011,64,64,0.1,23699,153198,0,0,0,0,0,0.0,0.0,0,0,False
0010,100,64,64,0.1,47227,176722,0,0,0,0,0,0.0,0.0,0,0,False
0010,100,64,64,0.1,47227,176722,0,0,0,0,0,0.0,0.0,0,0,False
0010,100,64,64,0.1,47227,176722,0,0,0,0,0,0.0,0.0,0,0,False
0010,100,64,64,0.1,47227,176722,0,0,0,0,0,0.0,0.0,0,0,False
0010,101,64,64,0.1,47229,176723,0,0,0,0,0,0.0,0.0,0,0,False
0010,101,64,64,0.1,47229,176723,0,0,0,0,0,0.0,0.0,0,0,False
0010,101,64,64,0.1,47229,176723,0,0,0,0,0,0.0,0.0,0,0,False
0010,101,64,64,0.1,47229,176723,0,0,0,0,0,0.0,0.0,0,0,False
0010,110,64,64,0.1,47277,176767,0,0,0,0,0,0.0,0.0,0,0,False
0010,110,64,64,0.1,47277,176767,0,0,0,0,0,0.0,0.0,0,0,False
0010,110,64,64,0.1,47277,176767,0,0,0,0,0,0.0,0.0,0,0,False
0010,110,64,64,0.1,47277,176767,0,0,0,0,0,0.0,0.0,0,0,False
0010,111,64,64,0.1,47279,176768,0,0,0,0,0,0.0,0.0,0,0,False
0010,111,64,64,0.1,47279,176768,0,0,0,0,0,0.0,0.0,0,0,False
0010,111,64,64,0.1,47279,176768,0,0,0,0,0,0.0,0.0,0,0,False
0010,111,64,64,0.1,47279,176768,0,0,0,0,0,0.0,0.0,0,0,False
0011,000,64,64,0.1,4553,352752,0,0,0,0,0,0.0,0.0,0,0,False
0011,000,64,64,0.1,4553,352752,0,0,0,0,0,0.0,0.0,0,0,False
0011,000,64,64,0.1,4553,352752,0,0,0,0,0,0.0,0.0,0,0,False
0011,000,64,64,0.1,4553,352752,0,0,0,0,0,0.0,0.0,0,0,False
0011,001,64,64,0.1,4555,352753,0,0,0,0,0,0.0,0.0,0,0,False
0011,001,64,64,0.1,4555,352753,0,0,0,0,0,0.0,0.0,0,0,False
0011,001,64,64,0.1,4555,352753,0,0,0,0,0,0.0,0.0,0,0,False
0011,001,64,64,0.1,4555,352753,0,0,0,0,0,0.0,0.0,0,0,False
0011,010,64,64,0.1,20787,368981,0,0,0,0,0,0.0,0.0,0,0,False
0011,010,64,64,0.1,20787,368981,0,0,0,0,0,0.0,0.0,0,0,False
0011,010,64,64,0.1,20787,368981,0,0,0,0,0,0.0,0.0,0,0,False
0011,010,64,64,0.1,20787,368981,0,0,0,0,0,0.0,0.0,0,0,False
0011,011,64,64,0.1,20789,368982,0,0,0,0,0,0.0,0.0,0,0,False
0011,011,64,64,0.1,20789,368982,0,0,0,0,0,0.0,0.0,0,0,False
0011,011,64,64,0.1,20789,368982,0,0,0,0,0,0.0,0.0,0,0,False
0011,011,64,64,0.1,20789,368982,0,0,0,0,0,0.0,0.0,0,0,False
0011,100,64,64,0.1,41077,389266,0,0,0,0,0,0.0,0.0,0,0,False
0011,100,64,64,0.1,41077,389266,0,0,0,0,0,0.0,0.0,0,0,False
0011,100,64,64,0.1,41077,389266,0,0,0,0,0,0.0,0.0,0,0,False
0011,100,64,64,0.1,41077,389266,0,0,0,0,0,0.0,0.0,0,0,False
0011,101,64,64,0.1,41079,389267,0,0,0,0,0,0.0,0.0,0,0,False
0011,101,64,64,0.1,41079,389267,0,0,0,0,0,0.0,0.0,0,0,False
0011,101,64,64,0.1,41079,389267,0,0,0,0,0,0.0,0.0,0,0,False
0011,101,64,64,0.1,41079,389267,0,0,0,0,0,0.0,0.0,0,0,False
0011,110,64,64,0.1,41127,389311,0,0,0,0,0,0.0,0.0,0,0,False
0011,110,64,64,0.1,41127,389311,0,0,0,0,0,0.0,0.0,0,0,False
0011,110,64,64,0.1,41127,389311,0,0,0,0,0,0.0,0.0,0,0,False
0011,110,64,64,0.1,41127,389311,0,0,0,0,0,0.0,0.0,0,0,False
0011,111,64,64,0.1,41129,389312,0,0,0,0,0,0.0,0.0,0,0,False
0011,111,64,64,0.1,41129,389312,0,0,0,0,0,0.0,0.0,0,0,False
0011,111,64,64,0.1,41129,389312,0,0,0,0,0,0.0,0.0,0,0,False
0011,111,64,64,0.1,41129,389312,0,0,0,0,0,0.0,0.0,0,0,False
0100,000,64,64,0.1,1153,88095,0,0,0,0,0,0.0,0.0,0,0,False
0100,000,64,64,0.1,1153,88095,0,0,0,0,0,0.0,0.0,0,0,False
0100,000,64,64,0.1,1153,88095,0,0,0,0,0,0.0,0.0,0,0,False
0100,000,64,64,0.1,1153,88095,0,0,0,0,0,0.0,0.0,0,0,False
0100,001,64,64,0.1,1155,88096,0,0,0,0,0,0.0,0.0,0,0,False
0100,001,64,64,0.1,1155,88096,0,0,0,0,0,0.0,0.0,0,0,False
0100,001,64,64,0.1,1155,88096,0,0,0,0,0,0.0,0.0,0,0,False
0100,001,64,64,0.1,1155,88096,0,0,0,0,0,0.0,0.0,0,0,False
0100,010,64,64,0.1,4543,91480,0,0,0,0,0,0.0,0.0,0,0,False
0100,010,64,64,0.1,4543,91480,0,0,0,0,0,0.0,0.0,0,0,False
0100,010,64,64,0.1,4543,91480,0,0,0,0,0,0.0,0.0,0,0,False
0100,010,64,64,0.1,4543,91480,0,0,0,0,0,0.0,0.0,0,0,False
0100,011,64,64,0.1,4545,91481,0,0,0,0,0,0.0,0.0,0,0,False
0100,011,64,64,0.1,4545,91481,0,0,0,0,0,0.0,0.0,0,0,False
0100,011,64,64,0.1,4545,91481,0,0,0,0,0,0.0,0.0,0,0,False
0100,011,64,64,0.1,4545,91481,0,0,0,0,0,0.0,0.0,0,0,False
0100,100,64,64,0.1,8778,95710,0,0,0,0,0,0.0,0.0,0,0,False
0100,100,64,64,0.1,8778,95710,0,0,0,0,0,0.0,0.0,0,0,False
0100,100,64,64,0.1,8778,95710,0,0,0,0,0,0.0,0.0,0,0,False
0100,100,64,64,0.1,8778,95710,0,0,0,0,0,0.0,0.0,0,0,False
0100,101,64,64,0.1,8780,95711,0,0,0,0,0,0.0,0.0,0,0,False
0100,101,64,64,0.1,8780,95711,0,0,0,0,0,0.0,0.0,0,0,False
0100,101,64,64,0.1,8780,95711,0,0,0,0,0,0.0,0.0,0,0,False
0100,101,64,64,0.1,8780,95711,0,0,0,0,0,0.0,0.0,0,0,False
0100,110,64,64,0.1,8828,95755,0,0,0,0,0,0.0,0.0,0,0,False
0100,110,64,64,0.1,8828,95755,0,0,0,0,0,0.0,0.0,0,0,False
0100,110,64,64,0.1,8828,95755,0,0,0,0,0,0.0,0.0,0,0,False
0100,110,64,64,0.1,8828,95755,0,0,0,0,0,0.0,0.0,0,0,False
0100,111,64,64,0.1,8830,95756,0,0,0,0,0,0.0,0.0,0,0,False
0100,111,64,64,0.1,8830,95756,0,0,0,0,0,0.0,0.0,0,0,False
0100,111,64,64,0.1,8830,95756,0,0,0,0,0,0.0,0.0,0,0,False
0100,111,64,64,0.1,8830,95756,0,0,0,0,0,0.0,0.0,0,0,False
0101,000,64,64,0.1,1310,120646,0,0,0,0,0,0.0,0.0,0,0,False
0101,000,64,64,0.1,1310,120646,0,0,0,0,0,0.0,0.0,0,0,False
0101,000,64,64,0.1,1310,120646,0,0,0,0,0,0.0,0.0,0,0,False
0101,000,64,64,0.1,1310,120646,0,0,0,0,0,0.0,0.0,0,0,False
0101,001,64,64,0.1,1312,120647,0,0,0,0,0,0.0,0.0,0,0,False
0101,001,64,64,0.1,1312,120647,0,0,0,0,0,0.0,0.0,0,0,False
0101,001,64,64,0.1,1312,120647,0,0,0,0,0,0.0,0.0,0,0,False
0101,001,64,64,0.1,1312,120647,0,0,0,0,0,0.0,0.0,0,0,False
0101,010,64,64,0.1,4224,123555,0,0,0,0,0,0.0,0.0,0,0,False
0101,010,64,64,0.1,4224,123555,0,0,0,0,0,0.0,0.0,0,0,False
0101,010,64,64,0.1,4224,123555,0,0,0,0,0,0.0,0.0,0,0,False
0101,010,64,64,0.1,4224,123555,0,0,0,0,0,0.0,0.0,0,0,False
0101,011,64,64,0.1,4226,123556,0,0,0,0,0,0.0,0.0,0,0,False
0101,011,64,64,0.1,4226,123556,0,0,0,0,0,0.0,0.0,0,0,False
0101,011,64,64,0.1,4226,123556,0,0,0,0,0,0.0,0.0,0,0,False
0101,011,64,64,0.1,4226,123556,0,0,0,0,0,0.0,0.0,0,0,False
0101,100,64,64,0.1,7864,127190,0,0,0,0,0,0.0,0.0,0,0,False
0101,100,64,64,0.1,7864,127190,0,0,0,0,0,0.0,0.0,0,0,False
0101,100,64,64,0.1,7864,127190,0,0,0,0,0,0.0,0.0,0,0,False
0101,100,64,64,0.1,7864,127190,0,0,0,0,0,0.0,0.0,0,0,False
0101,101,64,64,0.1,7866,127191,0,0,0,0,0,0.0,0.0,0,0,False
0101,101,64,64,0.1,7866,127191,0,0,0,0,0,0.0,0.0,0,0,False
0101,101,64,64,0.1,7866,127191,0,0,0,0,0,0.0,0.0,0,0,False
0101,101,64,64,0.1,7866,127191,0,0,0,0,0,0.0,0.0,0,0,False
0101,110,64,64,0.1,7914,127235,0,0,0,0,0,0.0,0.0,0,0,False
0101,110,64,64,0.1,7914,127235,0,0,0,0,0,0.0,0.0,0,0,False
0101,110,64,64,0.1,7914,127235,0,0,0,0,0,0.0,0.0,0,0,False
0101,110,64,64,0.1,7914,127235,0,0,0,0,0,0.0,0.0,0,0,False
0101,111,64,64,0.1,7916,127236,0,0,0,0,0,0.0,0.0,0,0,False
0101,111,64,64,0.1,7916,127236,0,0,0,0,0,0.0,0.0,0,0,False
0101,111,64,64,0.1,7916,127236,0,0,0,0,0,0.0,0.0,0,0,False
0101,111,64,64,0.1,7916,127236,0,0,0,0,0,0.0,0.0,0,0,False
0110,000,64,64,0.1,1310,120646,0,0,0,0,0,0.0,0.0,0,0,False
0110,000,64,64,0.1,1310,120646,0,0,0,0,0,0.0,0.0,0,0,False
0110,000,64,64,0.1,1310,120646,0,0,0,0,0,0.0,0.0,0,0,False
0110,000,64,64,0.1,1310,120646,0,0,0,0,0,0.0,0.0,0,0,False
0110,001,64,64,0.1,1312,120647,0,0,0,0,0,0.0,0.0,0,0,False
0110,001,64,64,0.1,1312,120647,0,0,0,0,0,0.0,0.0,0,0,False
0110,001,64,64,0.1,1312,120647,0,0,0,0,0,0.0,0.0,0,0,False
0110,001,64,64,0.1,1312,120647,0,0,0,0,0,0.0,0.0,0,0,False
0110,010,64,64,0.1,4224,123555,0,0,0,0,0,0.0,0.0,0,0,False
0110,010,64,64,0.1,4224,123555,0,0,0,0,0,0.0,0.0,0,0,False
0110,010,64,64,0.1,4224,123555,0,0,0,0,0,0.0,0.0,0,0,False
0110,010,64,64,0.1,4224,123555,0,0,0,0,0,0.0,0.0,0,0,False
0110,011,64,64,0.1,4226,123556,0,0,0,0,0,0.0,0.0,0,0,False
0110,011,64,64,0.1,4226,123556,0,0,0,0,0,0.0,0.0,0,0,False
0110,011,64,64,0.1,4226,123556,0,0,0,0,0,0.0,0.0,0,0,False
0110,011,64,64,0.1,4226,123556,0,0,0,0,0,0.0,0.0,0,0,False
0110,100,64,64,0.1,7864,127190,0,0,0,0,0,0.0,0.0,0,0,False
0110,100,64,64,0.1,7864,127190,0,0,0,0,0,0.0,0.0,0,0,False
0110,100,64,64,0.1,7864,127190,0,0,0,0,0,0.0,0.0,0,0,False
0110,100,64,64,0.1,7864,127190,0,0,0,0,0,0.0,0.0,0,0,False
0110,101,64,64,0.1,7866,127191,0,0,0,0,0,0.0,0.0,0,0,False
0110,101,64,64,0.1,7866,127191,0,0,0,0,0,0.0,0.0,0,0,False
0110,101,64,64,0.1,7866,127191,0,0,0,0,0,0.0,0.0,0,0,False
0110,101,64,64,0.1,7866,127191,0,0,0,0,0,0.0,0.0,0,0,False
0110,110,64,64,0.1,7914,127235,0,0,0,0,0,0.0,0.0,0,0,False
0110,110,64,64,0.1,7914,127235,0,0,0,0,0,0.0,0.0,0,0,False
0110,110,64,64,0.1,7914,127235,0,0,0,0,0,0.0,0.0,0,0,False
0110,110,64,64,0.1,7914,127235,0,0,0,0,0,0.0,0.0,0,0,False
0110,111,64,64,0.1,7916,127236,0,0,0,0,0,0.0,0.0,0,0,False
0110,111,64,64,0.1,7916,127236,0,0,0,0,0,0.0,0.0,0,0,False
0110,111,64,64,0.1,7916,127236,0,0,0,0,0,0.0,0.0,0,0,False
0110,111,64,64,0.1,7916,127236,0,0,0,0,0,0.0,0.0,0,0,False
0111,000,64,64,0.1,1400,146650,0,0,0,0,0,0.0,0.0,0,0,False
0111,000,64,64,0.1,1400,146650,0,0,0,0,0,0.0,0.0,0,0,False
0111,000,64,64,0.1,1400,146650,0,0,0,0,0,0.0,0.0,0,0,False
0111,000,64,64,0.1,1400,146650,0,0,0,0,0,0.0,0.0,0,0,False
0111,001,64,64,0.1,1402,146651,0,0,0,0,0,0.0,0.0,0,0,False
0111,001,64,64,0.1,1402,146651,0,0,0,0,0,0.0,0.0,0,0,False
0111,001,64,64,0.1,1402,146651,0,0,0,0,0,0.0,0.0,0,0,False
0111,001,64,64,0.1,1402,146651,0,0,0,0,0,0.0,0.0,0,0,False
0111,010,64,64,0.1,3354,148599,0,0,0,0,0,0.0,0.0,0,0,False
0111,010,64,64,0.1,3354,148599,0,0,0,0,0,0.0,0.0,0,0,False
0111,010,64,64,0.1,3354,148599,0,0,0,0,0,0.0,0.0,0,0,False
0111,010,64,64,0.1,3354,148599,0,0,0,0,0,0.0,0.0,0,0,False
0111,011,64,64,0.1,3356,148600,0,0,0,0,0,0.0,0.0,0,0,False
0111,011,64,64,0.1,3356,148600,0,0,0,0,0,0.0,0.0,0,0,False
0111,011,64,64,0.1,3356,148600,0,0,0,0,0,0.0,0.0,0,0,False
0111,011,64,64,0.1,3356,148600,0,0,0,0,0,0.0,0.0,0,0,False
0111,100,64,64,0.1,5794,151034,0,0,0,0,0,0.0,0.0,0,0,False
0111,100,64,64,0.1,5794,151034,0,0,0,0,0,0.0,0.0,0,0,False
0111,100,64,64,0.1,5794,151034,0,0,0,0,0,0.0,0.0,0,0,False
0111,100,64,64,0.1,5794,151034,0,0,0,0,0,0.0,0.0,0,0,False
0111,101,64,64,0.1,5796,151035,0,0,0,0,0,0.0,0.0,0,0,False
0111,101,64,64,0.1,5796,151035,0,0,0,0,0,0.0,0.0,0,0,False
0111,101,64,64,0.1,5796,151035,0,0,0,0,0,0.0,0.0,0,0,False
0111,101,64,64,0.1,5796,151035,0,0,0,0,0,0.0,0.0,0,0,False
0111,110,64,64,0.1,5844,151079,0,0,0,0,0,0.0,0.0,0,0,False
0111,110,64,64,0.1,5844,151079,0,0,0,0,0,0.0,0.0,0,0,False
0111,110,64,64,0.1,5844,151079,0,0,0,0,0,0.0,0.0,0,0,False
0111,110,64,64,0.1,5844,151079,0,0,0,0,0,0.0,0.0,0,0,False
0111,111,64,64,0.1,5846,151080,0,0,0,0,0,0.0,0.0,0,0,False
0111,111,64,64,0.1,5846,151080,0,0,0,0,0,0.0,0.0,0,0,False
0111,111,64,64,0.1,5846,151080,0,0,0,0,0,0.0,0.0,0,0,False
0111,111,64,64,0.1,5846,151080,0,0,0,0,0,0.0,0.0,0,0,False
1000,000,64,64,0.1,933,79476,18,22158,18817,0,13,12.315,30.0,282586,282639,True
1000,000,64,64,0.1,933,79476,18,21373,15991,0,13,24.118,50.0,225236,225286,True
1000,000,64,64,0.1,933,79476,18,21373,15991,0,13,24.118,70.0,225236,225286,True
1000,000,64,64,0.1,933,79476,18,21373,15991,0,13,24.118,100.0,225236,225286,True
1000,001,64,64,0.1,935,79477,0,0,0,0,0,0.0,0.0,0,0,False
1000,001,64,64,0.1,935,79477,18,21728,16195,0,13,26.708,50.0,225236,225286,True
1000,001,64,64,0.1,935,79477,18,21735,16195,0,13,26.708,70.0,225236,225286,True
1000,001,64,64,0.1,935,79477,18,21723,16195,0,13,26.708,100.0,225236,225286,True
1000,010,64,64,0.1,3647,82185,0,0,0,0,0,0.0,0.0,0,0,False
1000,010,64,64,0.1,3647,82185,0,0,0,0,0,0.0,0.0,0,0,False
1000,010,64,64,0.1,3647,82185,0,0,0,0,0,0.0,0.0,0,0,False
1000,010,64,64,0.1,3647,82185,0,0,0,0,0,0.0,0.0,0,0,False
1000,011,64,64,0.1,3649,82186,0,0,0,0,0,0.0,0.0,0,0,False
1000,011,64,64,0.1,3649,82186,0,0,0,0,0,0.0,0.0,0,0,False
1000,011,64,64,0.1,3649,82186,0,0,0,0,0,0.0,0.0,0,0,False
1000,011,64,64,0.1,3649,82186,0,0,0,0,0,0.0,0.0,0,0,False
1000,100,64,64,0.1,7037,85570,0,0,0,0,0,0.0,0.0,0,0,False
1000,100,64,64,0.1,7037,85570,0,0,0,0,0,0.0,0.0,0,0,False
1000,100,64,64,0.1,7037,85570,0,0,0,0,0,0.0,0.0,0,0,False
1000,100,64,64,0.1,7037,85570,0,0,0,0,0,0.0,0.0,0,0,False
1000,101,64,64,0.1,7039,85571,0,0,0,0,0,0.0,0.0,0,0,False
1000,101,64,64,0.1,7039,85571,0,0,0,0,0,0.0,0.0,0,0,False
1000,101,64,64,0.1,7039,85571,0,0,0,0,0,0.0,0.0,0,0,False
1000,101,64,64,0.1,7039,85571,0,0,0,0,0,0.0,0.0,0,0,False
1000,110,64,64,0.1,7087,85615,0,0,0,0,0,0.0,0.0,0,0,False
1000,110,64,64,0.1,7087,85615,0,0,0,0,0,0.0,0.0,0,0,False
1000,110,64,64,0.1,7087,85615,0,0,0,0,0,0.0,0.0,0,0,False
1000,110,64,64,0.1,7087,85615,0,0,0,0,0,0.0,0.0,0,0,False
1000,111,64,64,0.1,7089,85616,0,0,0,0,0,0.0,0.0,0,0,False
1000,111,64,64,0.1,7089,85616,0,0,0,0,0,0.0,0.0,0,0,False
1000,111,64,64,0.1,7089,85616,0,0,0,0,0,0.0,0.0,0,0,False
1000,111,64,64,0.1,7089,85616,0,0,0,0,0,0.0,0.0,0,0,False
1001,000,64,64,0.1,1205,105662,0,0,0,0,0,0.0,0.0,0,0,False
1001,000,64,64,0.1,1205,105662,0,0,0,0,0,0.0,0.0,0,0,False
1001,000,64,64,0.1,1205,105662,0,0,0,0,0,0.0,0.0,0,0,False
1001,000,64,64,0.1,1205,105662,0,0,0,0,0,0.0,0.0,0,0,False
1001,001,64,64,0.1,1207,105663,0,0,0,0,0,0.0,0.0,0,0,False
1001,001,64,64,0.1,1207,105663,0,0,0,0,0,0.0,0.0,0,0,False
1001,001,64,64,0.1,1207,105663,0,0,0,0,0,0.0,0.0,0,0,False
1001,001,64,64,0.1,1207,105663,0,0,0,0,0,0.0,0.0,0,0,False
1001,010,64,64,0.1,4119,108571,0,0,0,0,0,0.0,0.0,0,0,False
1001,010,64,64,0.1,4119,108571,0,0,0,0,0,0.0,0.0,0,0,False
1001,010,64,64,0.1,4119,108571,0,0,0,0,0,0.0,0.0,0,0,False
1001,010,64,64,0.1,4119,108571,0,0,0,0,0,0.0,0.0,0,0,False
1001,011,64,64,0.1,4121,108572,0,0,0,0,0,0.0,0.0,0,0,False
1001,011,64,64,0.1,4121,108572,0,0,0,0,0,0.0,0.0,0,0,False
1001,011,64,64,0.1,4121,108572,0,0,0,0,0,0.0,0.0,0,0,False
1001,011,64,64,0.1,4121,108572,0,0,0,0,0,0.0,0.0,0,0,False
1001,100,64,64,0.1,7759,112206,0,0,0,0,0,0.0,0.0,0,0,False
1001,100,64,64,0.1,7759,112206,0,0,0,0,0,0.0,0.0,0,0,False
1001,100,64,64,0.1,7759,112206,0,0,0,0,0,0.0,0.0,0,0,False
1001,100,64,64,0.1,7759,112206,0,0,0,0,0,0.0,0.0,0,0,False
1001,101,64,64,0.1,7761,112207,0,0,0,0,0,0.0,0.0,0,0,False
1001,101,64,64,0.1,7761,112207,0,0,0,0,0,0.0,0.0,0,0,False
1001,101,64,64,0.1,7761,112207,0,0,0,0,0,0.0,0.0,0,0,False
1001,101,64,64,0.1,7761,112207,0,0,0,0,0,0.0,0.0,0,0,False
1001,110,64,64,0.1,7809,112251,0,0,0,0,0,0.0,0.0,0,0,False
1001,110,64,64,0.1,7809,112251,0,0,0,0,0,0.0,0.0,0,0,False
1001,110,64,64,0.1,7809,112251,0,0,0,0,0,0.0,0.0,0,0,False
1001,110,64,64,0.1,7809,112251,0,0,0,0,0,0.0,0.0,0,0,False
1001,111,64,64,0.1,7811,112252,0,0,0,0,0,0.0,0.0,0,0,False
1001,111,64,64,0.1,7811,112252,0,0,0,0,0,0.0,0.0,0,0,False
1001,111,64,64,0.1,7811,112252,0,0,0,0,0,0.0,0.0,0,0,False
1001,111,64,64,0.1,7811,112252,0,0,0,0,0,0.0,0.0,0,0,False
1010,000,64,64,0.1,1205,105662,0,0,0,0,0,0.0,0.0,0,0,False
1010,000,64,64,0.1,1205,105662,0,0,0,0,0,0.0,0.0,0,0,False
1010,000,64,64,0.1,1205,105662,0,0,0,0,0,0.0,0.0,0,0,False
1010,000,64,64,0.1,1205,105662,0,0,0,0,0,0.0,0.0,0,0,False
1010,001,64,64,0.1,1207,105663,0,0,0,0,0,0.0,0.0,0,0,False
1010,001,64,64,0.1,1207,105663,0,0,0,0,0,0.0,0.0,0,0,False
1010,001,64,64,0.1,1207,105663,0,0,0,0,0,0.0,0.0,0,0,False
1010,001,64,64,0.1,1207,105663,0,0,0,0,0,0.0,0.0,0,0,False
1010,010,64,64,0.1,4119,108571,0,0,0,0,0,0.0,0.0,0,0,False
1010,010,64,64,0.1,4119,108571,0,0,0,0,0,0.0,0.0,0,0,False
1010,010,64,64,0.1,4119,108571,0,0,0,0,0,0.0,0.0,0,0,False
1010,010,64,64,0.1,4119,108571,0,0,0,0,0,0.0,0.0,0,0,False
1010,011,64,64,0.1,4121,108572,0,0,0,0,0,0.0,0.0,0,0,False
1010,011,64,64,0.1,4121,108572,0,0,0,0,0,0.0,0.0,0,0,False
1010,011,64,64,0.1,4121,108572,0,0,0,0,0,0.0,0.0,0,0,False
1010,011,64,64,0.1,4121,108572,0,0,0,0,0,0.0,0.0,0,0,False
1010,100,64,64,0.1,7759,112206,0,0,0,0,0,0.0,0.0,0,0,False
1010,100,64,64,0.1,7759,112206,0,0,0,0,0,0.0,0.0,0,0,False
1010,100,64,64,0.1,7759,112206,0,0,0,0,0,0.0,0.0,0,0,False
1010,100,64,64,0.1,7759,112206,0,0,0,0,0,0.0,0.0,0,0,False
1010,101,64,64,0.1,7761,112207,0,0,0,0,0,0.0,0.0,0,0,False
1010,101,64,64,0.1,7761,112207,0,0,0,0,0,0.0,0.0,0,0,False
1010,101,64,64,0.1,7761,112207,0,0,0,0,0,0.0,0.0,0,0,False
1010,101,64,64,0.1,7761,112207,0,0,0,0,0,0.0,0.0,0,0,False
1010,110,64,64,0.1,7809,112251,0,0,0,0,0,0.0,0.0,0,0,False
1010,110,64,64,0.1,7809,112251,0,0,0,0,0,0.0,0.0,0,0,False
1010,110,64,64,0.1,7809,112251,0,0,0,0,0,0.0,0.0,0,0,False
1010,110,64,64,0.1,7809,112251,0,0,0,0,0,0.0,0.0,0,0,False
1010,111,64,64,0.1,7811,112252,0,0,0,0,0,0.0,0.0,0,0,False
1010,111,64,64,0.1,7811,112252,0,0,0,0,0,0.0,0.0,0,0,False
1010,111,64,64,0.1,7811,112252,0,0,0,0,0,0.0,0.0,0,0,False
1010,111,64,64,0.1,7811,112252,0,0,0,0,0,0.0,0.0,0,0,False
1011,000,64,64,0.1,1295,131666,37,24984,20540,0,19,12.315,30.0,282608,282671,True
1011,000,64,64,0.1,1295,131666,37,24325,16998,0,19,23.804,50.0,225244,225312,True
1011,000,64,64,0.1,1295,131666,37,24325,16998,0,19,23.804,70.0,225244,225312,True
1011,000,64,64,0.1,1295,131666,37,24325,16998,0,19,23.804,100.0,225244,225312,True
1011,001,64,64,0.1,1297,131667,0,0,0,0,0,0.0,0.0,0,0,False
1011,001,64,64,0.1,1297,131667,0,0,0,0,0,0.0,0.0,0,0,False
1011,001,64,64,0.1,1297,131667,0,0,0,0,0,0.0,0.0,0,0,False
1011,001,64,64,0.1,1297,131667,0,0,0,0,0,0.0,0.0,0,0,False
1011,010,64,64,0.1,3249,133615,0,0,0,0,0,0.0,0.0,0,0,False
1011,010,64,64,0.1,3249,133615,0,0,0,0,0,0.0,0.0,0,0,False
1011,010,64,64,0.1,3249,133615,0,0,0,0,0,0.0,0.0,0,0,False
1011,010,64,64,0.1,3249,133615,0,0,0,0,0,0.0,0.0,0,0,False
1011,011,64,64,0.1,3251,133616,0,0,0,0,0,0.0,0.0,0,0,False
1011,011,64,64,0.1,3251,133616,0,0,0,0,0,0.0,0.0,0,0,False
1011,011,64,64,0.1,3251,133616,0,0,0,0,0,0.0,0.0,0,0,False
1011,011,64,64,0.1,3251,133616,0,0,0,0,0,0.0,0.0,0,0,False
1011,100,64,64,0.1,5689,136050,0,0,0,0,0,0.0,0.0,0,0,False
1011,100,64,64,0.1,5689,136050,0,0,0,0,0,0.0,0.0,0,0,False
1011,100,64,64,0.1,5689,136050,0,0,0,0,0,0.0,0.0,0,0,False
1011,100,64,64,0.1,5689,136050,0,0,0,0,0,0.0,0.0,0,0,False
1011,101,64,64,0.1,5691,136051,0,0,0,0,0,0.0,0.0,0,0,False
1011,101,64,64,0.1,5691,136051,0,0,0,0,0,0.0,0.0,0,0,False
1011,101,64,64,0.1,5691,136051,0,0,0,0,0,0.0,0.0,0,0,False
1011,101,64,64,0.1,5691,136051,0,0,0,0,0,0.0,0.0,0,0,False
1011,110,64,64,0.1,5739,136095,0,0,0,0,0,0.0,0.0,0,0,False
1011,110,64,64,0.1,5739,136095,0,0,0,0,0,0.0,0.0,0,0,False
1011,110,64,64,0.1,5739,136095,0,0,0,0,0,0.0,0.0,0,0,False
1011,110,64,64,0.1,5739,136095,0,0,0,0,0,0.0,0.0,0,0,False
1011,111,64,64,0.1,5741,136096,0,0,0,0,0,0.0,0.0,0,0,False
1011,111,64,64,0.1,5741,136096,0,0,0,0,0,0.0,0.0,0,0,False
1011,111,64,64,0.1,5741,136096,0,0,0,0,0,0.0,0.0,0,0,False
1011,111,64,64,0.1,5741,136096,0,0,0,0,0,0.0,0.0,0,0,False
1100,000,64,64,0.1,887,91425,24,15180,13150,0,13,12.315,30.0,282599,282657,True
1100,000,64,64,0.1,887,91425,24,14270,9532,0,13,21.818,50.0,225240,225290,True
1100,000,64,64,0.1,887,91425,24,14270,9532,0,13,21.818,70.0,225240,225290,True
1100,000,64,64,0.1,887,91425,24,14270,9532,0,13,21.818,100.0,225240,225290,True
1100,001,64,64,0.1,889,91426,24,15562,13425,0,13,12.315,30.0,282599,282657,True
1100,001,64,64,0.1,889,91426,24,14617,9736,0,13,24.408,50.0,225240,225290,True
1100,001,64,64,0.1,889,91426,24,14614,9736,0,13,24.408,70.0,225240,225290,True
1100,001,64,64,0.1,889,91426,24,14626,9736,0,13,24.408,100.0,225240,225290,True
1100,010,64,64,0.1,1397,91930,29,17360,16346,0,26,12.315,30.0,282599,282657,True
1100,010,64,64,0.1,1397,91930,29,15728,10020,0,26,24.408,50.0,225240,225290,True
1100,010,64,64,0.1,1397,91930,29,15728,10023,0,26,24.408,70.0,225240,225290,True
1100,010,64,64,0.1,1397,91930,29,15728,10021,0,26,24.408,100.0,225240,225290,True
1100,011,64,64,0.1,1399,91931,29,17735,16607,0,26,12.315,30.0,282599,282657,True
1100,011,64,64,0.1,1399,91931,29,16071,10226,0,26,24.408,50.0,225240,225290,True
1100,011,64,64,0.1,1399,91931,29,16066,10228,0,26,24.408,70.0,225240,225290,True
1100,011,64,64,0.1,1399,91931,29,16069,10225,0,26,24.408,100.0,225240,225290,True
1100,100,64,64,0.1,2032,92560,33,19412,19809,0,41,12.315,30.0,282599,282657,True
1100,100,64,64,0.1,2032,92560,33,16975,10313,0,41,24.408,50.0,225240,225290,True
1100,100,64,64,0.1,2032,92560,33,16975,10311,0,41,24.408,70.0,225240,225290,True
1100,100,64,64,0.1,2032,92560,33,16975,10311,0,41,24.408,100.0,225240,225290,True
1100,101,64,64,0.1,2034,92561,33,19785,20077,0,41,12.315,30.0,282599,282657,True
1100,101,64,64,0.1,2034,92561,33,17316,10515,0,41,24.408,50.0,225240,225290,True
1100,101,64,64,0.1,2034,92561,33,17317,10517,0,41,24.408,70.0,225240,225290,True
1100,101,64,64,0.1,2034,92561,33,17325,10515,0,41,24.408,100.0,225240,225290,True
1100,110,64,64,0.1,2082,92605,34,20923,20871,0,42,12.37,30.0,282599,282657,True
1100,110,64,64,0.1,2082,92605,34,18331,10825,0,42,24.408,50.0,225240,225290,True
1100,110,64,64,0.1,2082,92605,34,18331,10825,0,42,24.408,70.0,225240,225290,True
1100,110,64,64,0.1,2082,92605,34,18331,10827,0,42,24.408,100.0,225240,225290,True
1100,111,64,64,0.1,2084,92606,34,21317,21145,0,42,12.37,30.0,282599,282657,True
1100,111,64,64,0.1,2084,92606,34,18680,11025,0,42,24.408,50.0,225240,225290,True
1100,111,64,64,0.1,2084,92606,34,18680,11029,0,42,24.408,70.0,225240,225290,True
1100,111,64,64,0.1,2084,92606,34,18671,11029,0,42,24.408,100.0,225240,225290,True
1101,000,64,64,0.1,1092,93784,32,16187,13443,0,17,12.315,30.0,282610,282657,True
1101,000,64,64,0.1,1092,93784,32,15817,10368,0,17,20.557,50.0,225244,225290,True
1101,000,64,64,0.1,1092,93784,32,15817,10368,0,17,20.557,70.0,225244,225290,True
1101,000,64,64,0.1,1092,93784,32,15817,10368,0,17,20.557,100.0,225244,225290,True
1101,001,64,64,0.1,1094,93785,32,16566,13718,0,17,12.315,30.0,282610,282657,True
1101,001,64,64,0.1,1094,93785,32,16171,10572,0,17,20.557,50.0,225244,225290,True
1101,001,64,64,0.1,1094,93785,32,16171,10572,0,17,20.557,70.0,225244,225290,True
1101,001,64,64,0.1,1094,93785,32,16162,10572,0,17,20.557,100.0,225244,225290,True
1101,010,64,64,0.1,1318,94005,33,17345,14436,0,22,12.315,30.0,282610,282657,True
1101,010,64,64,0.1,1318,94005,33,16865,10852,0,22,20.557,50.0,225244,225290,True
1101,010,64,64,0.1,1318,94005,33,16865,10854,0,22,20.557,70.0,225244,225290,True
1101,010,64,64,0.1,1318,94005,33,16865,10854,0,22,20.557,100.0,225244,225290,True
1101,011,64,64,0.1,1320,94006,33,17718,14704,0,22,12.315,30.0,282610,282657,True
1101,011,64,64,0.1,1320,94006,33,17205,11058,0,22,20.557,50.0,225244,225290,True
1101,011,64,64,0.1,1320,94006,33,17188,11056,0,22,20.557,70.0,225244,225290,True
1101,011,64,64,0.1,1320,94006,33,17204,11058,0,22,20.557,100.0,225244,225290,True
1101,100,64,64,0.1,1598,94280,34,18122,15142,0,27,12.315,30.0,282610,282657,True
1101,100,64,64,0.1,1598,94280,34,17602,11131,0,27,20.557,50.0,225244,225290,True
1101,100,64,64,0.1,1598,94280,34,17602,11132,0,27,20.557,70.0,225244,225290,True
1101,100,64,64,0.1,1598,94280,34,17602,11129,0,27,20.557,100.0,225244,225290,True
1101,101,64,64,0.1,1600,94281,34,18540,15497,0,27,12.315,30.0,282610,282657,True
1101,101,64,64,0.1,1600,94281,34,17944,11336,0,27,20.557,50.0,225244,225290,True
1101,101,64,64,0.1,1600,94281,34,17944,11335,0,27,20.557,70.0,225244,225290,True
1101,101,64,64,0.1,1600,94281,34,17943,11336,0,27,20.557,100.0,225244,225290,True
1101,110,64,64,0.1,1648,94325,0,0,0,0,0,0.0,0.0,0,0,False
1101,110,64,64,0.1,1648,94325,35,18958,11645,0,28,20.557,50.0,225244,225290,True
1101,110,64,64,0.1,1648,94325,35,18958,11645,0,28,20.557,70.0,225244,225290,True
1101,110,64,64,0.1,1648,94325,35,18958,11646,0,28,20.557,100.0,225244,225290,True
1101,111,64,64,0.1,1650,94326,0,0,0,0,0,0.0,0.0,0,0,False
1101,111,64,64,0.1,1650,94326,0,0,0,0,0,0.0,0.0,0,0,False
1101,111,64,64,0.1,1650,94326,0,0,0,0,0,0.0,0.0,0,0,False
1101,111,64,64,0.1,1650,94326,0,0,0,0,0,0.0,0.0,0,0,False
1110,000,64,64,0.1,1092,93784,32,16187,13443,0,17,12.315,30.0,282610,282657,True
1110,000,64,64,0.1,1092,93784,32,15817,10369,0,17,20.557,50.0,225244,225290,True
1110,000,64,64,0.1,1092,93784,32,15817,10368,0,17,20.557,70.0,225244,225290,True
1110,000,64,64,0.1,1092,93784,32,15817,10368,0,17,20.557,100.0,225244,225290,True
1110,001,64,64,0.1,1094,93785,32,16566,13720,0,17,12.315,30.0,282610,282657,True
1110,001,64,64,0.1,1094,93785,32,16159,10572,0,17,20.557,50.0,225244,225290,True
1110,001,64,64,0.1,1094,93785,32,16160,10572,0,17,20.557,70.0,225244,225290,True
1110,001,64,64,0.1,1094,93785,32,16160,10572,0,17,20.557,100.0,225244,225290,True
1110,010,64,64,0.1,1318,94005,33,17345,14436,0,22,12.315,30.0,282610,282657,True
1110,010,64,64,0.1,1318,94005,33,16865,10853,0,22,20.557,50.0,225244,225290,True
1110,010,64,64,0.1,1318,94005,33,16865,10854,0,22,20.557,70.0,225244,225290,True
1110,010,64,64,0.1,1318,94005,33,16865,10852,0,22,20.557,100.0,225244,225290,True
1110,011,64,64,0.1,1320,94006,33,17762,14783,0,22,12.315,30.0,282610,282657,True
1110,011,64,64,0.1,1320,94006,33,17212,11057,0,22,20.557,50.0,225244,225290,True
1110,011,64,64,0.1,1320,94006,33,17188,11059,0,22,20.557,70.0,225244,225290,True
1110,011,64,64,0.1,1320,94006,33,17206,11058,0,22,20.557,100.0,225244,225290,True
1110,100,64,64,0.1,1598,94280,34,18122,15142,0,27,12.315,30.0,282610,282657,True
1110,100,64,64,0.1,1598,94280,34,17602,11131,0,27,20.557,50.0,225244,225290,True
1110,100,64,64,0.1,1598,94280,34,17602,11131,0,27,20.557,70.0,225244,225290,True
1110,100,64,64,0.1,1598,94280,34,17602,11133,0,27,20.557,100.0,225244,225290,True
1110,101,64,64,0.1,1600,94281,34,18495,15411,0,27,12.315,30.0,282610,282657,True
1110,101,64,64,0.1,1600,94281,34,17950,11335,0,27,20.557,50.0,225244,225290,True
1110,101,64,64,0.1,1600,94281,34,17926,11336,0,27,20.557,70.0,225244,225290,True
1110,101,64,64,0.1,1600,94281,34,17950,11337,0,27,20.557,100.0,225244,225290,True
1110,110,64,64,0.1,1648,94325,35,19633,16207,0,28,12.37,30.0,282610,282657,True
1110,110,64,64,0.1,1648,94325,35,18958,11639,0,28,20.557,50.0,225244,225290,True
1110,110,64,64,0.1,1648,94325,35,18958,11647,0,28,20.557,70.0,225244,225290,True
1110,110,64,64,0.1,1648,94325,35,18958,11648,0,28,20.557,100.0,225244,225290,True
1110,111,64,64,0.1,1650,94326,0,0,0,0,0,0.0,0.0,0,0,False
1110,111,64,64,0.1,1650,94326,0,0,0,0,0,0.0,0.0,0,0,False
1110,111,64,64,0.1,1650,94326,0,0,0,0,0,0.0,0.0,0,0,False
1110,111,64,64,0.1,1650,94326,0,0,0,0,0,0.0,0.0,0,0,False
1111,000,64,64,0.1,1374,94060,33,18735,15684,0,23,12.315,30.0,282610,282677,True
1111,000,64,64,0.1,1374,94060,33,18258,11844,0,23,20.557,50.0,225244,225302,True
1111,000,64,64,0.1,1374,94060,33,18258,11844,0,23,20.557,70.0,225244,225302,True
1111,000,64,64,0.1,1374,94060,33,18258,11843,0,23,20.557,100.0,225244,225302,True
1111,001,64,64,0.1,1376,94061,33,19110,15950,0,23,12.315,30.0,282610,282677,True
1111,001,64,64,0.1,1376,94061,33,18598,12048,0,23,20.557,50.0,225244,225302,True
1111,001,64,64,0.1,1376,94061,33,18598,12047,0,23,20.557,70.0,225244,225302,True
1111,001,64,64,0.1,1376,94061,33,18581,12046,0,23,20.557,100.0,225244,225302,True
1111,010,64,64,0.1,1408,94089,0,0,0,0,0,0.0,0.0,0,0,False
1111,010,64,64,0.1,1408,94089,34,19603,12349,0,24,20.557,50.0,225244,225302,True
1111,010,64,64,0.1,1408,94089,34,19603,12350,0,24,20.557,70.0,225244,225302,True
1111,010,64,64,0.1,1408,94089,34,19603,12350,0,24,20.557,100.0,225244,225302,True
1111,011,64,64,0.1,1410,94090,0,0,0,0,0,0.0,0.0,0,0,False
1111,011,64,64,0.1,1410,94090,0,0,0,0,0,0.0,0.0,0,0,False
1111,011,64,64,0.1,1410,94090,0,0,0,0,0,0.0,0.0,0,0,False
1111,011,64,64,0.1,1410,94090,0,0,0,0,0,0.0,0.0,0,0,False
1111,100,64,64,0.1,1448,94124,0,0,0,0,0,0.0,0.0,0,0,False
1111,100,64,64,0.1,1448,94124,0,0,0,0,0,0.0,0.0,0,0,False
1111,100,64,64,0.1,1448,94124,0,0,0,0,0,0.0,0.0,0,0,False
1111,100,64,64,0.1,1448,94124,0,0,0,0,0,0.0,0.0,0,0,False
1111,101,64,64,0.1,1450,94125,0,0,0,0,0,0.0,0.0,0,0,False
1111,101,64,64,0.1,1450,94125,0,0,0,0,0,0.0,0.0,0,0,False
1111,101,64,64,0.1,1450,94125,0,0,0,0,0,0.0,0.0,0,0,False
1111,101,64,64,0.1,1450,94125,0,0,0,0,0,0.0,0.0,0,0,False
1111,110,64,64,0.1,1498,94169,0,0,0,0,0,0.0,0.0,0,0,False
1111,110,64,64,0.1,1498,94169,0,0,0,0,0,0.0,0.0,0,0,False
1111,110,64,64,0.1,1498,94169,0,0,0,0,0,0.0,0.0,0,0,False
1111,110,64,64,0.1,1498,94169,0,0,0,0,0,0.0,0.0,0,0,False
1111,111,64,64,0.1,1500,94170,0,0,0,0,0,0.0,0.0,0,0,False
1111,111,64,64,0.1,1500,94170,0,0,0,0,0,0.0,0.0,0,0,False
1111,111,64,64,0.1,1500,94170,0,0,0,0,0,0.0,0.0,0,0,False
1111,111,64,64,0.1,1500,94170,0,0,0,0,0,0.0,0.0,0,0,False
